City_ID,City,Lat,Lng,Max Temp,Humidity,Cloudiness,Wind Speed,Country,Date
0,georgetown,5.4112,100.3354,31.08,66,20,4.12,MY,1707878573
1,adamstown,-25.066,-130.1015,25.01,85,100,6.69,PN,1707878604
2,hawaiian paradise park,19.5933,-154.9731,25.73,75,100,3.09,US,1707878604
3,iqaluit,63.7506,-68.5145,-19.15,78,75,0.0,CA,1707878604
4,avarua,-21.2078,-159.775,29.03,65,40,4.12,CK,1707878604
5,kapa'a,22.0752,-159.319,25.99,71,0,7.2,US,1707878605
6,wellington,-41.2866,174.7756,20.81,61,20,12.35,NZ,1707878394
7,ierapetra,35.01,25.7353,13.41,71,1,2.68,GR,1707878605
8,mapastepec,15.4333,-92.9,25.19,71,20,2.13,MX,1707878605
9,margaret river,-33.95,115.0667,24.46,41,77,1.29,AU,1707878605
10,albany,42.6001,-73.9662,1.24,67,39,1.34,US,1707878373
11,puerto natales,-51.7236,-72.4875,10.19,99,100,0.55,CL,1707878605
12,west island,-12.1568,96.8225,29.99,70,40,5.14,CC,1707878311
13,tazacorte,28.629,-17.9293,18.97,84,0,2.06,ES,1707878427
14,novoshakhtinskiy,44.025,132.1514,-0.21,78,100,3.78,RU,1707878605
15,invercargill,-46.4,168.35,24.45,38,0,9.39,NZ,1707878606
16,bilibino,68.0546,166.4372,-32.13,97,100,0.6,RU,1707878606
17,tura,25.5198,90.2201,23.76,27,36,0.31,IN,1707878606
18,san andres,12.5847,-81.7006,28.01,78,40,6.17,CO,1707878606
19,cartagena,10.3997,-75.5144,27.79,78,0,3.09,CO,1707878606
20,kodiak,57.79,-152.4072,3.73,93,100,7.72,US,1707878606
21,lospalos,-8.5186,127.0025,28.49,69,100,3.87,TL,1707878606
22,puerto varas,-41.3195,-72.9854,15.12,67,0,3.6,CL,1707878606
23,blackmans bay,-43.0167,147.3167,18.62,41,18,1.79,AU,1707878606
24,gadzhiyevo,69.2551,33.3362,-19.18,97,97,6.97,RU,1707878607
25,puerto ayora,-0.7393,-90.3518,26.97,96,100,1.34,EC,1707878607
26,ta`u,-14.2336,-169.5144,26.62,92,100,7.58,AS,1707878607
27,port-aux-francais,-49.35,70.2167,8.25,91,100,8.31,TF,1707878607
28,greymouth,-42.4667,171.2,17.37,71,54,3.31,NZ,1707878607
29,hermanus,-34.4187,19.2345,15.45,86,78,1.97,ZA,1707878607
30,kailua-kona,19.6406,-155.9956,26.98,74,40,4.63,US,1707878607
31,sao jose da coroa grande,-8.8978,-35.1478,26.42,82,53,1.54,BR,1707878608
32,iskateley,67.6803,53.1512,-32.74,100,6,2.16,RU,1707878608
33,susuman,62.7833,148.1667,-35.57,97,95,0.45,RU,1707878608
34,college,64.8569,-147.8028,6.18,64,75,4.12,US,1707878608
35,edinburgh of the seven seas,-37.0676,-12.3116,17.92,83,60,4.6,SH,1707878608
36,youhao,47.8667,128.8333,-8.81,76,100,1.81,CN,1707878608
37,yelizovo,53.1873,158.3805,-11.92,43,75,2.0,RU,1707878608
38,ushuaia,-54.8,-68.3,10.81,58,0,8.23,AR,1707878344
39,enewetak,11.3474,162.3373,26.06,79,93,7.53,MH,1707878609
40,papatowai,-46.5619,169.4708,22.29,47,0,0.41,NZ,1707878609
41,anadyr,64.75,177.4833,-25.56,75,40,4.0,RU,1707878609
42,ribeira grande,38.5167,-28.7,15.43,78,6,4.92,PT,1707878609
43,thompson,55.7435,-97.8558,-5.91,100,100,1.03,CA,1707878609
44,namibe,-15.1961,12.1522,27.07,77,100,5.18,AO,1707878609
45,isafjordur,66.0755,-23.124,-3.53,77,79,6.14,IS,1707878609
46,lihue,21.9789,-159.3672,25.58,71,0,7.2,US,1707878609
47,bethel,41.3712,-73.414,0.36,72,100,1.54,US,1707878609
48,rabo de peixe,37.8,-25.5833,14.73,88,75,3.09,PT,1707878609
49,kabinda,-6.1333,24.4833,19.98,87,100,1.26,CD,1707878609
50,olonkinbyen,70.9221,-8.7187,-3.99,89,100,11.86,SJ,1707878610
51,turaif,31.6725,38.6637,10.14,62,40,2.06,SA,1707878610
52,grytviken,-54.2811,-36.5092,6.01,91,100,4.92,GS,1707878610
53,yarmouth,41.7057,-70.2286,1.0,89,40,6.69,US,1707878565
54,al artawiyah,26.5053,45.3444,16.02,48,97,6.51,SA,1707878610
55,port mathurin,-19.6833,63.4167,27.29,81,100,8.44,MU,1707878610
56,stanley,54.868,-1.6985,5.4,96,100,0.51,GB,1707878610
57,vilyuchinsk,52.9306,158.4028,-11.85,67,61,0.51,RU,1707878610
58,holualoa,19.6228,-155.9522,24.91,75,40,4.63,US,1707878611
59,geraldton,-28.7667,114.6,40.23,16,0,7.2,AU,1707878611
60,udachny,66.4167,112.4,-31.68,97,100,2.41,RU,1707878611
61,el nido,11.1858,119.3956,27.46,76,49,8.61,PH,1707878611
62,rio cuarto,-33.1307,-64.3499,13.87,77,0,3.6,AR,1707878611
63,ar ruseris,11.8659,34.3869,24.98,20,24,2.5,SD,1707878611
64,adre,13.4667,22.2,19.19,11,0,2.58,TD,1707878611
65,oroqen zizhiqi,50.5667,123.7167,-11.24,75,100,0.64,CN,1707878611
66,vilyuysk,63.7553,121.6247,-37.22,98,75,2.24,RU,1707878611
67,kristiansund,63.1115,7.732,1.36,55,20,3.09,NO,1707878612
68,tralee,52.2704,-9.7026,10.4,96,99,2.89,IE,1707878612
69,bechar,31.6167,-2.2167,14.18,28,0,1.54,DZ,1707878612
70,talnakh,69.4865,88.3972,-33.31,91,31,1.55,RU,1707878612
71,fort bragg,35.139,-79.006,6.75,60,0,0.0,US,1707878513
72,yellowknife,62.456,-114.3525,-17.71,85,20,1.54,CA,1707878612
73,leshan,29.5623,103.7639,14.79,60,75,1.81,CN,1707878612
74,waitangi,-43.9535,-176.5597,17.68,77,2,4.2,NZ,1707878612
75,tazovsky,67.4667,78.7,-37.84,98,28,2.43,RU,1707878613
76,nar'yan-mar,67.6713,53.087,-32.6,100,6,2.16,RU,1707878613
77,salinopolis,-0.6136,-47.3561,25.39,90,100,3.39,BR,1707878613
78,dudinka,69.4058,86.1778,-37.4,99,28,1.79,RU,1707878613
79,port douglas,-16.4833,145.4667,28.64,74,45,3.11,AU,1707878355
80,ust-nera,64.5667,143.2,-32.99,96,100,0.44,RU,1707878613
81,naze,28.3667,129.4833,19.51,65,29,8.77,JP,1707878613
82,arinos,-15.9169,-46.1056,21.82,79,57,1.0,BR,1707878613
83,midvagur,62.0511,-7.1939,3.46,81,75,6.17,FO,1707878613
84,tuy hoa,13.0833,109.3,24.13,85,78,3.25,VN,1707878614
85,codrington,-38.2667,141.9667,17.97,40,1,5.81,AU,1707878614
86,ghardaia,32.4909,3.6735,13.64,54,0,4.12,DZ,1707878614
87,macapa,0.0389,-51.0664,24.99,94,75,1.03,BR,1707878614
88,valle de la pascua,9.2155,-66.0073,25.84,68,52,4.02,VE,1707878614
89,tadine,-21.55,167.8833,27.42,80,36,9.24,NC,1707878614
90,jamestown,42.097,-79.2353,-0.23,78,100,5.14,US,1707878503
91,acajutla,13.5928,-89.8275,26.62,72,35,3.46,SV,1707878614
92,pisco,-13.7,-76.2167,24.03,83,0,5.66,PE,1707878615
93,mekhe,15.1097,-16.6218,20.4,76,7,4.4,SN,1707878615
94,tiksi,71.6872,128.8694,-23.43,98,100,2.37,RU,1707878615
95,san patricio,28.017,-97.5169,16.92,59,83,3.62,US,1707878615
96,nadvoitsy,63.8667,34.3167,-24.04,96,17,3.19,RU,1707878615
97,hami,42.8,93.45,-1.6,31,0,2.98,CN,1707878615
98,petropavlovsk-kamchatsky,53.0452,158.6483,-12.67,44,75,2.0,RU,1707878615
99,new norfolk,-42.7826,147.0587,19.28,26,3,4.35,AU,1707878615
100,kegeyli shahar,42.7767,59.6078,9.05,51,100,3.65,UZ,1707878615
101,whitehorse,60.7161,-135.0538,-5.57,79,75,5.66,CA,1707878548
102,longyearbyen,78.2186,15.6401,-2.09,69,75,12.86,SJ,1707878616
103,lompoc,34.6391,-120.4579,14.32,84,20,5.81,US,1707878616
104,campo gallo,-26.5833,-62.85,19.82,82,91,0.46,AR,1707878616
105,zagora,30.3484,-5.8365,17.51,28,93,0.53,MA,1707878616
106,touros,-5.1989,-35.4608,26.94,77,96,3.09,BR,1707878616
107,sanctuary point,-35.1114,150.629,22.96,84,100,6.1,AU,1707878616
108,praia da vitoria,38.7333,-27.0667,13.75,88,20,5.56,PT,1707878617
109,yerofey pavlovich,53.9667,121.9667,-13.89,80,100,1.02,RU,1707878617
110,akureyri,65.6835,-18.0878,-6.04,86,40,4.12,IS,1707878617
111,mejit,10.2753,170.8646,26.45,77,100,8.2,MH,1707878617
112,lucaya,26.5333,-78.6667,19.96,77,3,3.09,BS,1707878617
113,pacific grove,36.6177,-121.9166,13.47,83,75,2.24,US,1707878492
114,saint-pierre,-21.3393,55.4781,24.82,83,0,2.57,RE,1707878618
115,egilsstadir,65.2653,-14.3948,-9.05,86,0,2.06,IS,1707878618
116,naivasha,-0.7167,36.4359,13.28,89,11,1.51,KE,1707878618
117,tolanaro,-25.0319,46.9987,25.04,94,40,5.14,MG,1707878618
118,rikaze,29.25,88.8833,0.04,37,80,0.42,CN,1707878618
119,nuku'alofa,-21.1333,-175.2,29.19,84,75,7.2,TO,1707878618
120,strezhevoy,60.7333,77.5889,-26.69,97,100,6.71,RU,1707878618
121,punta arenas,-53.15,-70.9167,13.06,62,100,4.12,CL,1707878552
122,irinjalakuda,10.3333,76.2333,23.94,62,35,1.77,IN,1707878516
123,luanda,-8.8368,13.2343,26.0,89,75,2.06,AO,1707878618
124,haiku-pauwela,20.9219,-156.3051,24.54,78,40,4.63,US,1707878618
125,hithadhoo,-0.6,73.0833,28.08,80,96,5.53,MV,1707878619
126,toliara,-23.35,43.6667,25.54,82,100,2.88,MG,1707878619
127,san pedro pochutla,15.7333,-96.4667,25.84,86,0,2.26,MX,1707878619
128,oamaru,-45.0784,170.9801,27.43,52,0,5.63,NZ,1707878619
129,jalalabad,34.4265,70.4515,11.24,28,5,1.9,AF,1707878380
130,shingu,33.7333,135.9833,18.25,54,33,3.65,JP,1707878619
131,sinabang,2.4803,96.3801,29.88,66,35,1.15,ID,1707878619
132,coquimbo,-29.9533,-71.3436,18.85,82,100,3.6,CL,1707878597
133,luderitz,-26.6481,15.1594,17.94,67,54,7.1,NA,1707878620
134,acarau,-2.8856,-40.12,26.4,84,100,3.09,BR,1707878325
135,al jawf,29.5,38.75,14.01,36,48,4.51,SA,1707878620
136,selfoss,63.9331,-20.9971,-9.98,84,12,2.92,IS,1707878620
137,woolgoolga,-30.1106,153.2007,28.93,61,23,5.95,AU,1707878620
138,port saint john's,-31.6229,29.5448,22.54,89,71,2.23,ZA,1707878620
139,aasiaat,68.7098,-52.8699,-30.03,93,18,5.29,GL,1707878620
140,santa lucia,27.9117,-15.5407,17.62,40,0,2.57,ES,1707878620
141,rio grande,-32.035,-52.0986,17.75,64,100,4.7,BR,1707878331
142,gisborne,-38.6533,178.0042,23.75,54,0,6.81,NZ,1707878620
143,sao joao da barra,-21.6403,-41.0511,24.84,91,96,5.93,BR,1707878621
144,saipan,15.1355,145.701,28.39,65,75,9.26,MP,1707878621
145,fortuna,40.5982,-124.1573,12.03,90,75,0.0,US,1707878621
146,kununurra,-15.7667,128.7333,31.99,66,47,3.09,AU,1707878621
147,qulsary,46.9531,54.0198,2.8,88,100,3.84,KZ,1707878621
148,zakamensk,50.3741,103.2863,-16.01,65,8,1.52,RU,1707878621
149,puerto baquerizo moreno,-0.9,-89.6,26.74,86,100,5.31,EC,1707878621
150,atafu village,-8.5421,-172.5159,28.0,84,100,9.7,TK,1707878621
151,mammoth lakes,37.6485,-118.9721,-1.48,50,0,2.57,US,1707878622
152,cambridge,43.3601,-80.3127,-2.29,67,100,6.69,CA,1707878622
153,carnarvon,-24.8667,113.6333,33.05,43,0,3.49,AU,1707878622
154,miguel ahumada,30.6167,-106.5167,12.44,21,0,2.8,MX,1707878622
155,midland,31.9974,-102.0779,13.37,32,0,4.12,US,1707878622
156,minas de marcona,-15.2119,-75.1103,19.48,85,81,4.31,PE,1707878622
157,as sulayyil,20.4607,45.5779,15.14,43,0,3.89,SA,1707878622
158,nyala,12.05,24.8833,22.09,16,17,4.5,SD,1707878622
159,luau,-10.7073,22.2247,18.4,96,86,0.38,AO,1707878622
160,kerikeri,-35.2268,173.9474,22.58,51,0,4.02,NZ,1707878622
161,saldanha,-33.0117,17.9442,16.03,93,100,3.73,ZA,1707878623
162,polyarnyy,69.1989,33.4478,-18.3,95,95,7.67,RU,1707878623
163,valparaiso,-33.0393,-71.6273,18.8,77,75,2.57,CL,1707878623
164,myitkyina,25.3833,97.4,22.15,37,94,1.04,MM,1707878623
165,la sarre,48.8002,-79.1996,-14.76,92,100,3.89,CA,1707878424
166,labytnangi,66.6572,66.4183,-23.86,89,35,5.69,RU,1707878623
167,kruisfontein,-34.0033,24.7314,18.22,90,73,4.53,ZA,1707878623
168,bezenchuk,52.982,49.4333,-25.06,100,69,1.35,RU,1707878623
169,nieuw amsterdam,5.8833,-55.0833,26.09,81,31,4.35,SR,1707878623
170,mednogorsk,51.4128,57.595,-11.68,91,100,2.43,RU,1707878624
171,ilulissat,69.2167,-51.1,-23.99,53,2,0.51,GL,1707878624
172,chonchi,-42.6128,-73.8092,14.62,59,0,1.19,CL,1707878624
173,hadibu,12.65,54.0333,23.9,78,72,4.7,YE,1707878457
174,sisimiut,66.9395,-53.6735,-20.9,70,10,4.99,GL,1707878624
175,urangan,-25.3,152.9,26.22,87,75,2.68,AU,1707878624
176,xining,36.6167,101.7667,-1.91,57,71,1.44,CN,1707878624
177,conde,-7.2597,-34.9075,26.7,89,20,1.54,BR,1707878624
178,almonte,37.2647,-6.5167,16.42,83,100,4.37,ES,1707878625
179,la'ie,21.6477,-157.9253,26.7,70,57,0.34,US,1707878625
180,utrik,11.2278,169.8474,26.23,74,100,8.25,MH,1707878625
181,queenstown,-31.8976,26.8753,15.0,90,7,1.3,ZA,1707878533
182,vernon,50.2581,-119.2691,-1.26,80,45,1.03,CA,1707878625
183,tarakan,3.3,117.6333,29.72,70,40,2.57,ID,1707878625
184,calama,-22.4667,-68.9333,18.27,52,0,6.69,CL,1707877920
185,tsiombe,-25.3,45.4833,24.22,86,100,5.56,MG,1707878625
186,gorontalo,0.5412,123.0595,29.15,71,100,1.45,ID,1707878625
187,cabo san lucas,22.8909,-109.9124,19.61,59,100,3.6,MX,1707878428
188,singtam,27.2333,88.5,20.92,28,39,0.71,IN,1707878626
189,dongola,19.1667,30.4833,19.79,11,0,3.46,SD,1707878626
190,robbah,33.2797,6.9098,11.8,43,0,1.37,DZ,1707878626
191,buon ma thuot,12.6667,108.05,28.16,51,42,2.81,VN,1707878626
192,hoemul-li,41.4339,129.67,7.11,68,8,0.45,KP,1707878626
193,vaskelovo,60.3693,30.3534,-12.55,88,35,4.88,RU,1707878627
194,puerto colombia,10.9878,-74.9547,28.05,88,93,9.05,CO,1707878627
195,gislaved,57.3044,13.5408,2.0,87,100,2.36,SE,1707878627
196,kukmor,56.1855,50.8944,-24.69,100,54,2.25,RU,1707878627
197,bikenibeu village,1.3673,173.1241,29.98,79,75,3.6,KI,1707878627
198,ouro preto do oeste,-10.7481,-62.2158,22.58,97,100,1.2,BR,1707878627
199,mil'kovo,55.6078,37.7956,-10.73,93,100,4.59,RU,1707878627
200,fort mcmurray,56.7268,-111.381,-4.23,93,100,2.06,CA,1707878627
201,taoudenni,22.6783,-3.9836,23.52,21,45,5.42,ML,1707878628
202,hamilton,39.1834,-84.5333,7.97,54,100,3.09,US,1707878483
203,barcelos,41.5388,-8.6151,17.18,98,100,1.83,PT,1707878529
204,kalmunai,7.4167,81.8167,27.21,82,91,6.05,LK,1707878628
205,aykhal,66.0,111.5,-32.36,99,100,3.51,RU,1707878628
206,uturoa,-16.7333,-151.4333,26.95,82,100,10.57,PF,1707878628
207,arti,56.4234,58.5328,-26.04,96,39,2.07,RU,1707878628
208,lata,40.1629,-8.3327,16.56,96,100,1.84,PT,1707878628
209,mogocha,53.7333,119.7667,-15.1,54,100,2.29,RU,1707878629
210,diawara,15.022,-12.5437,28.26,9,60,3.54,SN,1707878629
211,qui nhon,13.7667,109.2333,24.06,82,88,2.88,VN,1707878629
212,chui,-33.6971,-53.4616,18.15,64,100,2.8,UY,1707878629
213,colonia,50.9333,6.95,10.03,77,100,4.12,DE,1707878520
214,bredasdorp,-34.5322,20.0403,16.89,91,56,2.08,ZA,1707878629
215,port alfred,-33.5906,26.891,19.54,95,100,5.63,ZA,1707878629
216,colonia menno,-22.3667,-59.8167,22.94,90,100,5.36,PY,1707878629
217,alofi,-19.0595,-169.9187,28.94,70,75,6.69,NU,1707878630
218,christchurch,-43.5333,172.6333,32.4,55,1,7.2,NZ,1707878124
219,payyannur,12.1,75.2,26.08,59,25,1.14,IN,1707878505
220,farasan,16.7022,42.1183,26.36,85,29,7.32,SA,1707878630
221,port elizabeth,-33.918,25.5701,20.17,95,100,6.17,ZA,1707878413
222,wailua homesteads,22.0669,-159.378,25.24,71,0,7.2,US,1707878630
223,east london,-33.0153,27.9116,19.72,83,9,4.16,ZA,1707878630
224,villamontes,-21.25,-63.5,21.21,75,100,0.21,BO,1707878630
225,rayadrug,14.7,76.8667,22.68,71,61,3.66,IN,1707878630
226,natal,-5.795,-35.2094,26.12,89,0,1.03,BR,1707878594
227,mount isa,-20.7333,139.5,30.87,66,40,3.6,AU,1707878619
228,arraial do cabo,-22.9661,-42.0278,25.32,87,100,5.61,BR,1707878370
229,suva,-18.1416,178.4415,32.71,70,75,5.14,FJ,1707878631
230,sao jose de piranhas,-7.1206,-38.5019,22.73,91,100,0.49,BR,1707878631
231,ulysses,37.5814,-101.3552,5.53,60,0,0.0,US,1707878631
232,wuxue,29.8506,115.5525,19.25,65,8,2.99,CN,1707878631
233,ndioum,16.5129,-14.6471,25.04,33,30,4.85,SN,1707878631
234,murray bridge,-35.1167,139.2667,20.07,37,0,6.27,AU,1707878631
235,newman,37.3138,-121.0208,14.19,77,99,1.62,US,1707878631
236,vorkuta,67.5,64.0,-31.03,99,6,2.52,RU,1707878631
237,quellon,-43.1167,-73.6167,11.27,66,1,2.78,CL,1707878631
238,yantzaza,-3.8278,-78.7594,21.45,99,100,0.76,EC,1707878631
239,sao paulo de olivenca,-3.3783,-68.8725,23.82,99,100,1.32,BR,1707878632
240,tshikapa,-6.4167,20.8,22.26,95,100,0.54,CD,1707878632
241,amal,59.051,12.7049,-0.83,99,95,2.7,SE,1707878632
242,sabha,27.0377,14.4283,11.77,57,0,4.65,LY,1707878632
243,reichenbach an der fils,48.7101,9.4643,6.38,88,100,1.03,DE,1707878632
244,glogovac,44.0397,21.3164,5.77,75,76,5.82,RS,1707878632
245,kassala,15.451,36.4,22.99,18,38,2.09,SD,1707878632
246,kotma,23.2,81.9667,21.58,53,72,2.92,IN,1707878633
247,shelkovskaya,43.5069,46.3392,8.53,69,100,3.16,RU,1707878633
248,guerrero negro,27.9769,-114.0611,15.3,64,58,5.44,MX,1707878633
249,chinde,26.8418,88.0763,15.07,29,56,1.54,NP,1707878633
250,saint-joseph,-21.3667,55.6167,24.21,87,98,3.83,RE,1707878633
251,neryungri,56.6709,124.6491,-20.73,88,100,2.6,RU,1707878633
252,itoman,26.1247,127.6694,23.38,64,75,11.32,JP,1707878633
253,sayyan,15.1718,44.3244,11.88,69,92,0.99,YE,1707878633
254,sur,22.5667,59.5289,22.38,76,0,3.48,OM,1707878634
255,sandnessjoen,66.0217,12.6316,-6.71,84,100,11.08,NO,1707878634
256,pizarro,4.9533,-77.366,26.25,87,75,0.36,CO,1707878634
257,yanzhou,35.5528,116.8286,15.85,58,10,1.94,CN,1707878634
258,brookings,44.3114,-96.7984,2.0,85,100,3.09,US,1707878443
259,happy valley-goose bay,53.3168,-60.3315,-1.83,80,100,4.12,CA,1707878634
260,kencong,-8.2833,113.3667,30.34,69,7,1.99,ID,1707878634
261,island harbour,50.724,-1.2758,11.93,95,100,3.58,GB,1707878634
262,beloyarskiy,63.7119,66.6722,-35.0,96,10,2.24,RU,1707878634
263,pioner,55.3166,85.9508,-10.31,66,0,5.0,RU,1707878634
264,thunder bay,48.4001,-89.3168,-11.01,85,75,0.51,CA,1707878426
265,coahuayana de hidalgo,18.7,-103.6583,22.5,89,78,1.03,MX,1707878635
266,saynshand,44.8824,110.1163,-13.63,75,1,4.83,MN,1707878635
267,puerto lempira,15.2667,-83.7667,24.56,90,38,2.56,HN,1707878635
268,melekeok village,7.4957,134.6367,30.31,66,75,4.63,PW,1707878635
269,kaa-khem,51.6833,94.7333,-22.0,83,100,1.1,RU,1707878635
270,shendi,16.6915,33.4341,21.56,14,0,3.69,SD,1707878635
271,boguchany,58.3814,97.4531,-19.52,100,100,1.34,RU,1707878635
272,afaahiti,-17.75,-149.2833,26.93,69,100,14.97,PF,1707878635
273,orosei,40.3798,9.6929,11.88,75,2,3.0,IT,1707878635
274,puerto deseado,-47.7503,-65.8938,20.1,39,0,5.73,AR,1707878635
275,vila velha,-20.3297,-40.2925,26.08,87,0,4.12,BR,1707878636
276,keningau,5.3378,116.1602,29.41,54,23,2.59,MY,1707878636
277,cananeia,-25.0147,-47.9267,24.87,93,100,0.9,BR,1707878636
278,sitka,57.0531,-135.33,4.94,70,0,0.0,US,1707878636
279,formosa,-26.1775,-58.1781,22.2,90,100,3.6,AR,1707878636
280,bontang,0.1333,117.5,29.1,69,80,6.1,ID,1707878636
281,peace river,56.2501,-117.286,-7.83,73,20,2.06,CA,1707878413
282,champerico,14.3,-91.9167,26.91,74,7,1.11,GT,1707878636
283,sarina,-21.4333,149.2167,30.15,1,75,4.38,AU,1707878636
284,jiuquan,39.7432,98.5174,-1.74,40,28,1.08,CN,1707878636
285,kingscliff,-28.2667,153.5667,30.96,65,13,5.14,AU,1707878637
286,antsiranana,-12.2787,49.2917,25.54,88,67,2.09,MG,1707878637
287,samraong,12.4526,105.5873,31.29,45,25,2.57,KH,1707878637
288,porto novo,6.4965,2.6036,26.24,93,6,2.45,BJ,1707878637
289,ca mau,9.1769,105.15,32.31,47,19,7.28,VN,1707878637
290,nikolayevsk-on-amure,53.1406,140.73,-14.07,75,100,1.94,RU,1707878637
291,nagqu,31.5,92.0,-4.74,28,99,7.69,CN,1707878429
292,bedesa,8.9,40.7833,19.81,58,100,6.28,ET,1707878637
293,san luis de la loma,17.2706,-100.8939,23.82,74,23,1.39,MX,1707878637
294,parun,35.4207,70.9221,-5.88,46,0,4.59,AF,1707878637
295,nemuro,43.3236,145.575,3.26,81,11,3.69,JP,1707878637
296,yardimli,38.9206,48.2372,9.63,49,100,3.32,AZ,1707878638
297,mezhdurechenskiy,59.6,65.9333,-24.47,85,100,7.0,RU,1707878638
298,kirensk,57.7853,108.1119,-16.69,88,100,3.58,RU,1707878638
299,murghob,38.1702,73.9667,-15.64,54,11,1.91,TJ,1707878638
300,port-vila,-17.7338,168.3219,28.71,81,41,6.68,VU,1707878458
301,la passe,45.5549,-0.8967,10.13,87,16,3.36,FR,1707878638
302,labrador city,52.9463,-66.9114,-8.05,97,100,7.2,CA,1707878638
303,tarauaca,-8.1614,-70.7656,21.96,99,100,0.34,BR,1707878639
304,brisas de zicatela,15.8369,-97.0419,27.29,78,0,1.03,MX,1707878639
305,bischofshofen,47.4167,13.2167,1.5,85,78,1.75,AT,1707878639
306,ngetkib,7.3645,134.5148,30.14,66,75,4.63,PW,1707878639
307,tidjikja,18.5564,-11.4271,26.15,8,26,4.02,MR,1707878639
308,howard springs,-12.497,131.047,27.77,91,92,4.88,AU,1707878639
309,santa maria,-29.6842,-53.8069,18.61,94,100,2.06,BR,1707878639
310,moires,35.0532,24.8744,11.42,84,39,1.34,GR,1707878639
311,russellville,35.2784,-93.1338,7.21,73,0,0.0,US,1707878639
312,fisterra,42.9049,-9.2629,16.53,98,100,8.14,ES,1707878639
313,merritt,50.1123,-120.7942,-3.15,78,8,0.74,CA,1707878639
314,callao,-12.0667,-77.15,27.62,69,0,6.69,PE,1707878640
315,laojunmiao,39.8333,97.7333,-4.21,61,82,1.2,CN,1707878640
316,san fernando de apure,7.8878,-67.4724,27.96,52,50,1.84,VE,1707878640
317,belmonte,-15.8631,-38.8828,25.35,87,64,1.6,BR,1707878640
318,menongue,-14.6585,17.691,17.66,80,67,1.28,AO,1707878640
319,mountain home,43.133,-115.6912,5.71,75,100,3.09,US,1707878094
320,pandan,14.0453,124.1694,26.79,81,37,6.68,PH,1707878640
321,panjab,34.388,67.0233,-16.36,59,0,2.09,AF,1707878640
322,karratha,-20.7377,116.8463,30.97,60,68,3.67,AU,1707878640
323,kingston,17.997,-76.7936,27.53,88,20,3.09,JM,1707878461
324,arawa,-6.2132,155.5367,30.54,71,76,0.45,PG,1707878640
325,wakkanai,45.4094,141.6739,4.49,78,75,8.23,JP,1707878641
326,archangelos,36.2149,28.1149,13.99,76,0,3.68,GR,1707878641
327,beibei,29.8256,106.4339,15.26,67,100,0.89,CN,1707878641
328,hell-ville,-13.4,48.2667,27.14,80,75,1.66,MG,1707878641
329,clinton,42.587,-82.9199,1.08,79,100,3.09,US,1707878641
330,cururupu,-1.8283,-44.8683,24.01,96,100,0.87,BR,1707878641
331,bulayevo,54.9056,70.4439,-14.21,90,99,8.84,KZ,1707878491
332,saint croix,17.7397,-64.7388,23.86,87,0,1.54,VI,1707878642
333,san rafael,-34.6177,-68.3301,20.67,39,0,4.33,AR,1707878435
334,northam,51.0333,-4.2167,12.44,98,100,7.46,GB,1707878642
335,comodoro rivadavia,-45.8667,-67.5,24.92,15,0,2.57,AR,1707878642
336,remire-montjoly,4.9167,-52.2667,27.02,89,75,2.57,GF,1707878642
337,ola,59.5833,151.2833,-21.59,82,100,1.87,RU,1707878642
338,port macquarie,-31.4333,152.9167,31.61,58,1,5.25,AU,1707878642
339,al kharijah,25.4514,30.5464,13.21,38,30,1.86,EG,1707878642
340,north bend,43.4065,-124.2243,9.95,81,0,1.54,US,1707878642
341,vila franca do campo,37.7167,-25.4333,15.23,87,100,4.36,PT,1707878643
342,zeya,53.75,127.2667,-14.73,62,5,3.77,RU,1707878643
343,lafollette,36.3829,-84.1199,6.34,93,0,0.0,US,1707878643
344,port moresby,-9.4431,147.1797,30.68,70,75,7.72,PG,1707878643
345,conceicao da barra,-18.5933,-39.7322,24.3,91,60,1.82,BR,1707878548
346,kupang,-10.1667,123.5833,26.32,100,75,2.06,ID,1707878644
347,pukchil-lodongjagu,40.2019,125.7483,5.48,92,100,0.53,KP,1707878644
348,cockburn town,21.4612,-71.1419,25.66,76,0,3.77,TC,1707878644
349,san martin de los andes,-40.1604,-71.3486,20.36,53,56,0.89,AR,1707878644
350,bage,-31.3314,-54.1069,14.88,88,0,4.12,BR,1707878644
351,gadani,25.1185,66.7299,15.12,66,0,1.87,PK,1707878644
352,alajarvi,63.0,23.8167,-8.78,93,100,5.44,FI,1707878645
353,charlottetown,46.2352,-63.1267,-2.84,80,100,8.75,CA,1707878512
354,villa gesell,-37.2639,-56.973,15.59,63,0,2.92,AR,1707878645
355,flying fish cove,-10.4217,105.6791,28.82,74,75,2.06,CX,1707878645
356,mora,11.0461,14.1401,21.33,13,0,2.68,CM,1707878645
357,santa isabel,-23.3156,-46.2214,23.61,94,100,0.44,BR,1707878645
358,st. john's,47.5649,-52.7093,-0.68,87,100,2.06,CA,1707878440
359,oodweyne,9.4092,45.064,18.38,70,7,3.43,SO,1707878645
360,la arena,-5.3466,-80.7109,28.81,58,58,6.58,PE,1707878645
361,nova sintra,14.8667,-24.7167,19.89,78,1,7.01,CV,1707878646
362,tallulah,32.4085,-91.1868,9.0,81,0,0.0,US,1707878646
363,khandyga,62.6667,135.6,-30.46,94,100,0.91,RU,1707878646
364,quetta,30.199,67.0097,7.42,50,0,0.35,PK,1707878642
365,noosa heads,-26.3833,153.15,29.5,74,49,2.88,AU,1707878646
366,kaman,27.65,77.2667,15.8,40,97,1.86,IN,1707878646
367,glenvale,-27.5648,151.9076,27.16,70,65,0.45,AU,1707878646
368,kas,36.2018,29.6377,11.41,83,100,3.01,TR,1707878646
369,guatrache,-37.6678,-63.5302,16.06,50,0,4.24,AR,1707878647
370,smithers,54.7804,-127.1743,-5.82,100,100,1.03,CA,1707878647
371,baie-comeau,49.2168,-68.1489,-11.18,62,0,1.54,CA,1707878647
372,mount pearl,47.5166,-52.7813,-1.14,87,100,2.06,CA,1707878647
373,novodvinsk,64.4165,40.8122,-32.9,100,7,1.24,RU,1707878381
374,manicore,-5.8092,-61.3003,24.04,98,99,0.84,BR,1707878647
375,kone,-21.0595,164.8658,30.02,67,76,2.94,NC,1707878481
376,tipasa,36.5897,2.4475,14.97,65,20,2.45,DZ,1707878648
377,tindouf,27.6711,-8.1474,19.25,24,0,3.6,DZ,1707878648
378,bosaso,11.2842,49.1816,24.41,76,20,2.98,SO,1707878648
379,canmore,51.0834,-115.3521,-7.29,79,93,2.06,CA,1707878648
380,barra de santo antonio,-9.4047,-35.5072,25.6,83,77,0.88,BR,1707878648
381,cabeza del buey,38.7223,-5.2195,10.69,93,100,1.41,ES,1707878648
382,verkhniy baskunchak,48.2256,46.7217,1.05,99,100,4.91,RU,1707878648
383,al bawiti,28.3492,28.8659,13.96,56,95,3.28,EG,1707878649
384,kyzyl,51.7,94.45,-21.66,91,100,0.89,RU,1707878649
385,harstad,68.799,16.5293,-1.34,63,95,4.94,NO,1707878357
386,verkhnevilyuysk,63.4453,120.3167,-33.54,95,88,2.4,RU,1707878649
387,friedland,51.4167,9.9333,6.35,75,100,4.47,DE,1707878649
388,bowen,-20.0167,148.2333,28.88,74,31,6.61,AU,1707878649
389,broken hill,-31.95,141.4333,25.31,26,0,6.37,AU,1707878649
390,klyuchi,52.2667,79.1667,-6.97,92,100,11.49,RU,1707878650
391,iguape,-24.7081,-47.5553,25.39,90,100,0.23,BR,1707878415
392,minab,27.1467,57.0801,18.5,83,0,1.44,IR,1707878650
393,parintins,-2.6283,-56.7358,23.9,98,100,1.48,BR,1707878650
394,bukittinggi,-0.3091,100.3706,24.72,72,62,1.73,ID,1707878650
395,luynes,47.3844,0.5547,12.36,89,100,3.6,FR,1707878650
396,harper,4.375,-7.7169,27.05,88,50,3.07,LR,1707878650
397,fengrun,39.8333,118.1167,9.11,37,79,5.39,CN,1707878651
398,naifaru,5.4444,73.3657,28.09,76,74,6.53,MV,1707878651
399,alice springs,-23.7,133.8833,37.9,20,0,7.2,AU,1707878651
400,port lincoln,-34.7333,135.8667,18.74,48,3,5.56,AU,1707878651
401,fortaleza,-3.7227,-38.5247,28.07,83,40,2.06,BR,1707878651
402,edd,13.9297,41.6925,26.86,67,25,8.12,ER,1707878652
403,kourou,5.1552,-52.6478,27.03,84,89,4.49,GF,1707878652
404,camacupa,-12.0167,17.4833,16.95,94,76,0.44,AO,1707878652
405,nirmal,19.1,78.35,23.73,60,72,1.48,IN,1707878652
406,yung shue wan,22.2333,114.1167,22.68,75,90,0.89,HK,1707878652
407,tala,30.6803,30.9429,10.13,85,42,3.13,EG,1707878652
408,palikir - national government center,6.9248,158.1611,29.41,66,100,5.14,FM,1707878652
409,ponta delgada,37.7333,-25.6667,15.4,88,75,3.09,PT,1707878652
410,belyy yar,53.6039,91.3903,-9.06,62,0,4.0,RU,1707878583
411,horta,38.5333,-28.6333,15.01,78,12,4.92,PT,1707878653
412,mahajanga,-15.7167,46.3167,25.4,89,94,1.94,MG,1707878653
413,vorgashor,67.5833,63.95,-29.52,98,6,3.22,RU,1707878653
414,bonthe,7.5264,-12.505,26.3,89,27,1.91,SL,1707878653
415,acapulco de juarez,16.8634,-99.8901,26.9,74,40,2.06,MX,1707878476
416,paracuru,-3.41,-39.0306,26.73,89,93,2.23,BR,1707878492
417,cidreira,-30.1811,-50.2056,21.65,74,100,4.58,BR,1707878653
418,nova vicosa,-17.8919,-39.3719,25.06,89,78,2.32,BR,1707878653
419,zvenigorod,55.7333,36.8475,-10.82,92,100,4.48,RU,1707878654
420,inongo,-1.95,18.2667,23.71,87,97,2.33,CD,1707878654
421,mogadishu,2.0371,45.3438,25.6,90,15,5.56,SO,1707878654
422,altamira,-3.2033,-52.2064,22.22,99,100,0.85,BR,1707878654
423,the bottom,17.6259,-63.2492,24.31,80,2,6.2,BQ,1707878654
424,lashio,22.9333,97.75,20.29,34,54,0.63,MM,1707878654
425,kuqa,41.7278,82.9364,0.24,50,3,0.1,CN,1707878654
426,whakatane,-37.9585,176.9854,27.16,73,8,2.68,NZ,1707878654
427,coihueco,-36.6167,-71.8333,18.41,59,97,1.03,CL,1707878516
428,farah,32.5,62.5,9.7,19,0,1.26,AF,1707878655
429,mount gambier,-37.8333,140.7667,19.79,33,10,4.54,AU,1707878655
430,freetown,8.484,-13.2299,25.35,81,66,0.71,SL,1707878655
431,papao,-17.75,-149.55,27.82,74,100,15.91,PF,1707878655
432,churapcha,62.0025,132.4325,-28.01,91,100,2.16,RU,1707878655
433,nirasaki,35.7,138.45,16.32,25,1,0.51,JP,1707878655
434,carutapera,-1.195,-46.02,24.48,94,100,1.74,BR,1707878655
435,port sudan,19.6175,37.2164,22.82,78,0,2.19,SD,1707878656
436,lewiston orchards,46.3804,-116.9754,5.48,69,75,3.6,US,1707878656
437,las khorey,11.1595,48.1967,25.53,77,54,3.19,SO,1707878656
438,port victoria,0.0939,33.9756,21.87,77,46,1.75,KE,1707878656
439,sarmiento,-45.5882,-69.07,22.79,26,9,3.04,AR,1707878656
440,kuanda,56.3161,116.0806,-19.36,88,98,1.25,RU,1707878656
441,deschutes river woods,43.9915,-121.3584,2.33,66,0,1.54,US,1707878657
442,mata-utu,-13.2816,-176.1745,28.38,81,58,6.8,WF,1707878657
443,bridgewater,44.3835,-64.5155,-4.1,95,100,8.23,CA,1707878609
444,pekalongan,-6.8886,109.6753,28.86,78,96,1.34,ID,1707878657
445,det udom,14.906,105.0784,24.9,40,3,1.91,TH,1707878657
446,dila,6.4167,38.3167,19.1,66,100,1.38,ET,1707878657
447,sayan,-11.1361,-77.1933,23.66,82,97,0.85,PE,1707878657
448,fallon,39.4735,-118.7774,6.07,72,100,2.57,US,1707878657
449,kurumkan,54.3,110.3,-21.6,91,46,2.24,RU,1707878658
450,zyryanskoye,56.8306,86.6258,-10.11,85,100,6.32,RU,1707878658
451,jieshi,22.8134,115.8257,20.56,73,15,4.45,CN,1707878658
452,aripuana,-9.1667,-60.6333,23.36,98,100,0.87,BR,1707878658
453,ulaangom,49.9811,92.0667,-20.49,86,74,1.1,MN,1707878658
454,vadso,70.0744,29.7487,-11.91,72,20,12.86,NO,1707878658
455,bamboo flat,11.7,92.7167,29.05,74,20,5.66,IN,1707878659
456,tamanrasset,22.785,5.5228,13.95,24,0,2.06,DZ,1707878659
457,petawawa,45.9001,-77.3328,-9.56,70,82,2.24,CA,1707878659
458,chu,43.5983,73.7614,1.01,94,100,2.98,KZ,1707878659
459,shirvan,39.9509,48.8994,11.01,48,100,2.65,AZ,1707878659
460,north platte,41.1239,-100.7654,6.32,53,0,1.54,US,1707878659
461,belgrade,44.804,20.4651,4.83,88,0,4.12,RS,1707878069
462,dedougou,12.4667,-3.4667,24.12,10,13,2.89,BF,1707878659
463,punta de bombon,-17.1717,-71.7931,23.42,80,100,1.66,PE,1707878660
464,esqueda,30.7167,-109.5833,10.64,28,0,3.17,MX,1707878540
465,belev,53.8119,36.1319,-5.36,95,100,5.68,RU,1707878660
466,ocean city,39.2776,-74.5746,5.01,74,8,2.68,US,1707878552
467,badger,64.8,-147.5333,6.14,64,75,4.12,US,1707878660
468,tumut,-35.3,148.2167,25.61,32,0,3.66,AU,1707878660
469,ajdabiya,30.7554,20.2263,13.13,86,96,2.66,LY,1707878660
470,ylitornio,66.3089,23.6773,-15.69,89,98,4.05,FI,1707878660
471,betio village,1.358,172.9211,30.02,80,100,6.92,KI,1707878660
472,eydhafushi,5.1033,73.0708,27.99,77,42,6.27,MV,1707878661
473,qaqortoq,60.7167,-46.0333,-0.82,97,100,3.12,GL,1707878661
474,rethymno,35.3647,24.4714,10.79,77,44,2.59,GR,1707878661
475,yuzhno-kurilsk,44.0306,145.8556,1.88,84,47,6.16,RU,1707878661
476,kertih,4.5141,103.4483,28.01,83,40,2.24,MY,1707878661
477,kenai,60.5544,-151.2583,6.05,56,0,5.66,US,1707878433
478,alness,57.696,-4.2551,3.56,91,88,2.28,GB,1707878661
479,loikaw,19.6742,97.2094,25.82,24,4,0.66,MM,1707878662
480,tottori,35.5,134.2333,19.04,42,75,4.12,JP,1707878662
481,standerton,-26.9337,29.2415,15.34,91,0,0.86,ZA,1707878662
482,zouerate,22.7187,-12.4521,23.85,24,42,1.72,MR,1707878662
483,franeker,53.1855,5.5412,9.43,99,100,6.17,NL,1707878662
484,santo angelo,-28.2992,-54.2631,18.52,90,100,6.42,BR,1707878663
485,chacabuco,-34.6417,-60.4739,15.46,67,2,3.21,AR,1707878663
486,westport,41.1415,-73.3579,2.99,78,0,4.12,US,1707878663
487,constantia,44.1833,28.65,6.5,82,100,5.48,RO,1707878663
488,al ghayzah,16.2079,52.176,23.43,78,80,2.96,YE,1707878663
489,alem paraiba,-21.8878,-42.7044,23.73,92,100,1.18,BR,1707878663
490,weining,26.85,104.2333,13.39,24,29,2.94,CN,1707878663
491,nadym,65.5333,72.5167,-34.9,91,6,4.75,RU,1707878663
492,grand falls-windsor,48.9332,-55.6649,-9.97,98,97,0.42,CA,1707878664
493,buenos aires,-34.6132,-58.3772,20.53,60,75,3.09,AR,1707878475
494,kapuskasing,49.4169,-82.4331,-13.95,78,100,2.57,CA,1707878642
495,newcastle west,52.4492,-9.0611,11.92,96,87,2.77,IE,1707878664
496,slave lake,55.2834,-114.769,-3.01,59,75,5.14,CA,1707878664
497,severnoye,56.3491,78.3619,-7.33,94,100,6.53,RU,1707878664
498,lebu,-37.6167,-73.65,13.41,91,8,3.96,CL,1707878664
499,madalena,41.2162,-8.3345,16.42,98,100,1.09,PT,1707878664
500,umluj,25.0213,37.2685,21.33,75,0,5.57,SA,1707878664
501,gurmatkal,16.8667,77.4,21.53,63,98,4.34,IN,1707878665
502,victoria,22.2855,114.1577,23.03,78,77,3.58,HK,1707878558
503,ancud,-41.8697,-73.8203,12.51,79,0,1.24,CL,1707878665
504,camana,-16.6228,-72.7111,23.67,86,96,2.96,PE,1707878665
505,weno,7.4515,151.8468,29.97,66,40,6.17,FM,1707878587
506,boende,-0.2167,20.8667,24.27,86,100,1.45,CD,1707878665
507,sao vicente,-23.9631,-46.3919,26.1,88,100,3.63,BR,1707878665
508,hasaki,35.7333,140.8333,13.22,32,0,1.44,JP,1707878665
509,surovikino,48.6078,42.8486,1.13,100,100,3.41,RU,1707878665
510,torbat-e heydariyeh,35.274,59.2195,6.74,34,21,0.73,IR,1707878666
511,keflavik,64.0049,-22.5624,-3.76,93,0,2.57,IS,1707878666
512,kurchatov,51.6601,35.6521,4.12,99,100,4.44,RU,1707878666
513,ad dawadimi,24.5077,44.3924,14.64,50,9,7.69,SA,1707878666
514,buala,-8.145,159.5921,30.45,63,31,2.9,SB,1707878666
515,abepura,-2.6333,140.5833,30.45,66,20,2.06,ID,1707878666
516,'alaqahdari dishu,30.4374,63.313,12.99,17,0,1.36,AF,1707878666
517,nafada,11.0956,11.3327,22.19,13,42,3.15,NG,1707878666
518,severo-yeniseyskiy,60.3725,93.0408,-26.9,99,100,1.79,RU,1707878666
519,carbonear,47.7332,-53.2148,-0.42,90,100,1.87,CA,1707878667
520,bhitarwar,25.8,78.1167,18.59,49,100,1.89,IN,1707878667
521,oranjemund,-28.55,16.4333,16.73,95,85,4.6,NA,1707878667
522,hua hin,12.5707,99.9588,28.01,51,20,1.54,TH,1707878667
523,lijiang,26.8688,100.2207,9.94,43,5,2.27,CN,1707878667
524,burutu,5.3509,5.5076,27.0,91,35,2.49,NG,1707878667
525,kalifornsky,60.4183,-151.29,6.19,52,0,5.66,US,1707878667
526,saudarkrokur,65.7461,-19.6394,-7.95,91,80,5.26,IS,1707878667
527,kyshtovka,56.555,76.6271,-8.7,94,100,5.81,RU,1707878668
528,safford,32.834,-109.7076,14.51,41,0,0.45,US,1707878668
529,buta,2.7858,24.73,25.48,60,94,1.06,CD,1707878668
530,karwar,14.8,74.1333,24.9,46,99,2.02,IN,1707878668
531,durban,-29.8579,31.0292,19.51,86,1,4.14,ZA,1707878668
532,rochester,43.1548,-77.6156,-0.66,74,100,7.72,US,1707878500
533,broome,42.2506,-75.833,0.21,82,75,5.14,US,1707878669
534,nogliki,51.8333,143.1667,-13.14,83,100,6.26,RU,1707878669
535,marat,25.0701,45.4615,15.61,55,68,4.73,SA,1707878669
536,kerema,-7.9631,145.7785,30.44,68,97,4.05,PG,1707878669
537,sainte-anne-des-monts,49.124,-66.4924,-5.07,68,100,5.66,CA,1707878669
538,kuhmo,64.1333,29.5167,-17.23,88,30,4.95,FI,1707878670
539,namdrik,5.5994,168.1028,27.81,75,100,7.51,MH,1707878670
540,morant bay,17.8815,-76.4093,27.79,87,53,3.54,JM,1707878670
541,lorengau,-2.0226,147.2712,29.0,75,97,4.3,PG,1707878670
542,lintong,34.378,109.2089,11.38,41,98,4.16,CN,1707878670
543,tukrah,32.5341,20.5791,13.63,68,9,6.61,LY,1707878670
544,eureka,40.8021,-124.1637,12.18,91,100,1.8,US,1707878588
545,hengchun,22.0042,120.7439,23.69,60,2,5.82,TW,1707878671
546,saijo,33.9167,133.1833,14.96,63,100,1.37,JP,1707878671
547,sake,-1.5736,29.045,17.98,93,98,0.49,CD,1707878671
548,daru,-9.0763,143.2092,30.81,69,55,4.08,PG,1707878671
549,arteche,12.2645,125.4048,27.31,77,33,4.54,PH,1707878671
550,rongelap,11.1635,166.8941,26.39,70,100,7.88,MH,1707878671
551,terrace,54.5163,-128.6035,-0.05,74,20,7.72,CA,1707878671
552,mar del plata,-38.0023,-57.5575,17.19,78,0,1.54,AR,1707878671
553,inarajan village,13.2736,144.7484,29.54,74,32,8.9,GU,1707878672
554,machico,32.7,-16.7667,20.56,84,20,3.09,PT,1707878537
555,inhambane,-23.865,35.3833,24.36,81,70,2.66,MZ,1707878672
556,mao,39.8885,4.2658,10.31,100,20,2.06,ES,1707878672
557,sievi,63.9,24.5,-11.02,93,100,5.61,FI,1707878672
558,okhotsk,59.3833,143.3,-22.97,85,26,2.82,RU,1707878672
559,parma,44.8027,10.329,11.04,79,98,0.6,IT,1707878672
560,sassandra,4.95,-6.0833,26.48,94,14,2.29,CI,1707878673
561,weihai,37.5017,122.1136,8.9,69,4,3.97,CN,1707878673
562,ribeira brava,32.65,-17.0667,20.56,84,49,0.84,PT,1707878673
563,awjilah,29.1081,21.2869,11.16,93,45,4.16,LY,1707878673
564,ketchikan,55.3422,-131.6461,5.99,70,0,4.12,US,1707878673
565,korsakov,46.6328,142.7813,1.91,81,71,6.87,RU,1707878673
566,chipinge,-20.1883,32.6236,14.98,70,0,1.02,ZW,1707878673
567,figuig (centre),32.1089,-1.2286,15.26,30,100,1.48,MA,1707878673
568,redding,40.5865,-122.3917,11.87,77,0,0.0,US,1707878401
569,bodaybo,57.8506,114.1933,-16.7,83,100,4.59,RU,1707878673
570,celestun,20.8667,-90.4,20.59,73,0,5.74,MX,1707878674
571,las tablas,7.7667,-80.2833,25.1,99,64,8.1,PA,1707878674
572,tangalle,6.024,80.7911,27.09,74,87,5.85,LK,1707878674
573,salavan,15.7167,106.4167,30.96,37,2,0.54,LA,1707878674
574,tyumen,57.1522,65.5272,-21.48,69,75,8.05,RU,1707878674
575,minot,48.2325,-101.2963,-2.88,68,0,5.66,US,1707878572
576,kavieng,-2.5744,150.7967,29.29,73,64,4.86,PG,1707878674
577,tual,-5.6667,132.75,28.48,77,91,7.08,ID,1707878674
578,gulf shores,30.246,-87.7008,13.33,72,0,0.0,US,1707878675
579,ushtobe,45.2514,77.9838,-1.91,86,100,1.31,KZ,1707878675
580,kismayo,-0.3582,42.5454,26.01,84,32,7.02,SO,1707878675
581,kindu,-2.95,25.95,21.48,99,100,0.85,CD,1707878675
582,sabang,5.8933,95.3214,27.78,79,26,10.28,ID,1707878675
583,bremen,53.0752,8.8078,6.68,95,100,4.12,DE,1707878675
584,fandriana,-20.2333,47.3833,17.37,99,100,1.34,MG,1707878675
585,batouri,4.4333,14.3667,23.18,29,100,1.39,CM,1707878675
586,zell am see,47.3256,12.7944,0.1,1,99,2.17,AT,1707878676
587,biryusinsk,55.9634,97.8235,-12.99,86,100,2.3,RU,1707878676
588,altai,46.3722,96.2583,-16.7,57,0,1.16,MN,1707878676
589,kalyazin,57.2403,37.8433,-21.22,97,20,3.51,RU,1707878676
